Name,Detail,URL,href,latitude,longitude
Florida Lottery,Lottery retailer ·  ,,https://www.google.com/maps/place/Florida+Lottery/data=!4m7!3m6!1s0x88d9b6e4ecc03e55:0x2d3837dd236de903!8m2!3d25.7728641!4d-80.2250779!16s%2Fg%2F11r_vmzkr3!19sChIJVT7A7OS22YgRA-ltI903OC0?authuser=0&hl=en&rclk=1,0.0,0.0
Florida Lottery,Stores and shopping ·  · 2100 NW 42nd AveOpen ⋅ Closes 5 PM · (305) 364-3080 ,,https://www.google.com/maps/place/Florida+Lottery/data=!4m7!3m6!1s0x88d9b9e25cb22ea7:0x18a573c4f733ee81!8m2!3d25.7942988!4d-80.278408!16s%2Fg%2F11bbx0f_38!19sChIJpy6yXOK52YgRge4z98RzpRg?authuser=0&hl=en&rclk=1,0.0,0.0
Miggelee-Misiah,"Lottery retailer ·  · 19501 Biscayne Blvd, AventuraOpen now · (305) 317-8018 ",,https://www.google.com/maps/place/Miggelee-Misiah/data=!4m7!3m6!1s0x88d9ad1457fc4b01:0x2b97b4be9e4ed9e6!8m2!3d25.9570723!4d-80.1443412!16s%2Fg%2F11rncp4xlk!19sChIJAUv8VxSt2YgR5tlOnr60lys?authuser=0&hl=en&rclk=1,0.0,0.0
Florida Lottery Miami District Office,District government office ·  · 14621 Oak LnOpen ⋅ Closes 4 PM · (305) 364-3080 ,,https://www.google.com/maps/place/Florida+Lottery+Miami+District+Office/data=!4m7!3m6!1s0x88d9a4d352fb8805:0xf0fe5f563edf5287!8m2!3d25.9067741!4d-80.3273641!16s%2Fg%2F11b6gfjr85!19sChIJBYj7UtOk2YgRh1LfPlZf_vA?authuser=0&hl=en&rclk=1,0.0,0.0
Lotto Stop N' Shop Food Store,Store · Open now · (954) 268-9907 ,,https://www.google.com/maps/place/Lotto+Stop+N%27+Shop+Food+Store/data=!4m7!3m6!1s0x88d906a71bdfc72f:0xf51d859c048eaf37!8m2!3d26.176558!4d-80.2024933!16s%2Fg%2F11bzz_sf3y!19sChIJL8ffG6cG2YgRN6-OBJyFHfU?authuser=0&hl=en&rclk=1,0.0,0.0
Loteria Dollar Discount,Lottery retailer ·  · 1665 W 68th StOpen ⋅ Closes 8 PM ,,https://www.google.com/maps/place/Loteria+Dollar+Discount/data=!4m7!3m6!1s0x88d9bade7ca32e49:0x53c667c004cfde24!8m2!3d25.8850845!4d-80.3163608!16s%2Fg%2F11f8kqh9bv!19sChIJSS6jfN662YgRJN7PBMBnxlM?authuser=0&hl=en&rclk=1,0.0,0.0
Team Dollar,Convenience store ·  · 199 SW 12th Ave #1Convenience store for discount goodsOpen ⋅ Closes 8 PM · (305) 960-7275 ,,https://www.google.com/maps/place/Team+Dollar/data=!4m7!3m6!1s0x88d9b6edc10fd02b:0x6856c1cca077282e!8m2!3d25.7720224!4d-80.2144291!16s%2Fg%2F1233b5ymj!19sChIJK9APwe222YgRLih3oMzBVmg?authuser=0&hl=en&rclk=1,0.0,0.0
Publix Super Market at Surfside,Supermarket ·  · 9400 Harding AveSupermarket chain for groceries & moreOpen ⋅ Closes 10 PM · (305) 865-1263 ,,https://www.google.com/maps/place/Publix+Super+Market+at+Surfside/data=!4m7!3m6!1s0x88d9b299ace1b24d:0xa92ceea21b2b107!8m2!3d25.8839447!4d-80.1236914!16s%2Fg%2F1tg6qxxm!19sChIJTbLhrJmy2YgRB7GyIerOkgo?authuser=0&hl=en&rclk=1,0.0,0.0
Publix Liquors at North Shore,Liquor store ·  · 6880 Collins AveOne-stop shop for liquor & beerOpen ⋅ Closes 10 PM · (305) 864-7413 ,,https://www.google.com/maps/place/Publix+Liquors+at+North+Shore/data=!4m7!3m6!1s0x88d9b2e7624e4cf5:0x685831de333a5598!8m2!3d25.853517!4d-80.1205894!16s%2Fg%2F126001ckm!19sChIJ9UxOYuey2YgRmFU6M94xWGg?authuser=0&hl=en&rclk=1,0.0,0.0
Publix Pharmacy at Surfside,Pharmacy ·  · 9400 Harding AveOpen ⋅ Closes 9 PM · (305) 865-4378 ,,https://www.google.com/maps/place/Publix+Pharmacy+at+Surfside/data=!4m7!3m6!1s0x88d9b299ac95ed51:0xe70c62972a014c7e!8m2!3d25.8839059!4d-80.1237319!16s%2Fg%2F1264l1y1m!19sChIJUe2VrJmy2YgRfkwBKpdiDOc?authuser=0&hl=en&rclk=1,0.0,0.0
Publix Super Market at Biscayne Commons,Supermarket ·  · 14641 Biscayne BlvdSupermarket chain for groceries & moreOpen ⋅ Closes 10 PM · (305) 354-2171 ,,https://www.google.com/maps/place/Publix+Super+Market+at+Biscayne+Commons/data=!4m7!3m6!1s0x88d9ad91065de92b:0x6765ee0d7c0a4186!8m2!3d25.9114251!4d-80.1557181!16s%2Fg%2F1vq75nm_!19sChIJK-ldBpGt2YgRhkEKfA3uZWc?authuser=0&hl=en&rclk=1,0.0,0.0
Publix Super Market at 127th Street Shopping Center,Supermarket ·  · 12800 Biscayne BlvdSupermarket chain for groceries & moreOpen ⋅ Closes 10 PM · (305) 893-6781 ,,https://www.google.com/maps/place/Publix+Super+Market+at+127th+Street+Shopping+Center/data=!4m7!3m6!1s0x88d9b275641e2b47:0x3d1f65fcca0cf45a!8m2!3d25.8942492!4d-80.1635875!16s%2Fg%2F1tfm27tc!19sChIJRyseZHWy2YgRWvQMyvxlHz0?authuser=0&hl=en&rclk=1,0.0,0.0
Publix Super Market at North Shore,Supermarket ·  · 6876 Collins AveSupermarket chain for groceries & moreOpen ⋅ Closes 10 PM · (305) 864-7405 ,,https://www.google.com/maps/place/Publix+Super+Market+at+North+Shore/data=!4m7!3m6!1s0x88d9b2e7615c7e6d:0x7a3ccc8165eeda86!8m2!3d25.8531803!4d-80.1208776!16s%2Fg%2F1tf_tnv3!19sChIJbX5cYeey2YgRhtruZYHMPHo?authuser=0&hl=en&rclk=1,0.0,0.0
Publix Liquors at Aventura Shopping Center,Liquor store ·  · 2952 NE 199th St Ste 1One-stop shop for liquor & beerOpen ⋅ Closes 10 PM · (305) 792-1429 ,,https://www.google.com/maps/place/Publix+Liquors+at+Aventura+Shopping+Center/data=!4m7!3m6!1s0x88d9adbf0fb038b9:0x6cb6f6dd10615fa3!8m2!3d25.9595327!4d-80.1411032!16s%2Fg%2F11fn0w1dt3!19sChIJuTiwD7-t2YgRo19hEN32tmw?authuser=0&hl=en&rclk=1,0.0,0.0
Florida Lottery Retailer,Lottery retailer ·  · 4125 Cleveland Ave ,,https://www.google.com/maps/place/Florida+Lottery+Retailer/data=!4m7!3m6!1s0x88db41db50f3bb03:0xad8e275ad84c3cbc!8m2!3d26.6022361!4d-81.8702744!16s%2Fg%2F11h3q3tmft!19sChIJA7vzUNtB24gRvDxM2Fonjq0?authuser=0&hl=en&rclk=1,26.6022361,-81.8702744
Publix Super Market at Pine Lake Plaza,Supermarket ·  · 411 S Cypress RdSupermarket chain for groceries & moreOpen ⋅ Closes 10 PM · (954) 784-3277 ,,https://www.google.com/maps/place/Publix+Super+Market+at+Pine+Lake+Plaza/data=!4m7!3m6!1s0x88d902f46b8289f7:0x4958f72afd8f45b1!8m2!3d26.2251124!4d-80.1244792!16s%2Fg%2F1thksh6x!19sChIJ94mCa_QC2YgRsUWP_Sr3WEk?authuser=0&hl=en&rclk=1,26.2251124,-80.1244792
Publix Liquors at West Lake Commons,Liquor store ·  · 1710 Sheridan StOne-stop shop for liquor & beerOpen ⋅ Closes 9 PM · (954) 927-5682 ,,https://www.google.com/maps/place/Publix+Liquors+at+West+Lake+Commons/data=!4m7!3m6!1s0x88d9ab0011d9d891:0xa78ebc92d01bda44!8m2!3d26.032425!4d-80.140807!16s%2Fg%2F1q6h_2nq5!19sChIJkdjZEQCr2YgRRNob0JK8jqc?authuser=0&hl=en&rclk=1,26.032425,-80.140807
Publix Super Market at The Harbor Shops,Supermarket ·  · 1940 Cordova RdSupermarket chain for groceries & moreOpen ⋅ Closes 10 PM · (954) 847-2844 ,,https://www.google.com/maps/place/Publix+Super+Market+at+The+Harbor+Shops/data=!4m7!3m6!1s0x88d90068b48702e5:0xcb726f6c96976f79!8m2!3d26.0971754!4d-80.1301347!16s%2Fg%2F1q6jclx36!19sChIJ5QKHtGgA2YgReW-Xlmxvcss?authuser=0&hl=en&rclk=1,26.0971754,-80.1301347
Publix Super Market at Hollywood Circle,Supermarket ·  · 1740 Polk StSupermarket chain for groceries & moreOpen ⋅ Closes 10 PM · (954) 927-7879 ,,https://www.google.com/maps/place/Publix+Super+Market+at+Hollywood+Circle/data=!4m7!3m6!1s0x88d9ab0a9068ef5d:0x8bfd561470ad100d!8m2!3d26.0130153!4d-80.1416036!16s%2Fg%2F1td5gy1n!19sChIJXe9okAqr2YgRDRCtcBRW_Ys?authuser=0&hl=en&rclk=1,26.0130153,-80.1416036
Publix Super Market at Ives Dairy Crossing,Supermarket ·  · 19955 NW 2nd AveSupermarket chain for groceries & moreOpen ⋅ Closes 10 PM · (305) 654-5771 ,,https://www.google.com/maps/place/Publix+Super+Market+at+Ives+Dairy+Crossing/data=!4m7!3m6!1s0x88d9ae9214513463:0x5f8280d1a4d0ee6a!8m2!3d25.9583886!4d-80.2032444!16s%2Fg%2F1tg8kjfr!19sChIJYzRRFJKu2YgRau7QpNGAgl8?authuser=0&hl=en&rclk=1,25.9583886,-80.2032444
Publix Super Market at Beachway Plaza,Supermarket ·  · 402 E Dania Beach BlvdSupermarket chain for groceries & moreOpen ⋅ Closes 10 PM · (954) 920-4289 ,,https://www.google.com/maps/place/Publix+Super+Market+at+Beachway+Plaza/data=!4m7!3m6!1s0x88d9aaf159876633:0xadaf754e461a2c71!8m2!3d26.0511307!4d-80.1364621!16s%2Fg%2F1tcxkkks!19sChIJM2aHWfGq2YgRcSwaRk51r60?authuser=0&hl=en&rclk=1,26.0511307,-80.1364621
